Id,lon,lat,betweenness_raw,harmonic_raw,pagerank_raw,od_composite,trip_starts,trip_ends,edge_out_w,edge_in_w
156,121.44355769999997,31.216703140952383,192.7838667693646,90.16666666666656,0.003595860649086483,0.30297656453910465,10,7,14,11
164,121.45179749999997,31.218338010000004,100.9629128785717,84.33333333333323,0.0024713245167284157,0.2611052767692364,3,2,8,7
12,121.4408310811594,31.18555815478261,781.2832973756762,107.08333333333324,0.013104908017661421,0.552423709722417,25,34,35,44
201,121.44952531272725,31.199436535818162,619.0830233003478,103.58333333333323,0.009917443166462574,0.4780038887116154,22,20,35,33
204,121.45042419999994,31.191329953333334,482.6456069729396,95.83333333333321,0.007775208331773317,0.41094184695324154,12,13,23,24
197,121.43806459999998,31.19224548,269.5975243543195,97.58333333333323,0.004902498281272857,0.3504194143954853,10,9,15,14
34,121.44721983333336,31.188634235925928,268.80423298013005,94.08333333333323,0.005839454394220526,0.3555133759249887,9,11,16,18
84,121.44022681702128,31.201332579148943,790.1195173050934,101.91666666666659,0.01137568011744425,0.5127784955700471,15,24,23,32
37,121.44267169999996,31.19118228774195,243.31703479610223,98.99999999999993,0.0055456550405611925,0.3615804178080954,15,8,23,16
24,121.43697740416663,31.188812255000002,456.39255780810043,100.16666666666654,0.008390724916475453,0.4294454267943589,20,20,28,28
210,121.43806459999999,31.190185545,213.234956742662,89.33333333333321,0.004387982479058853,0.31500109297498896,10,6,14,10
27,121.43119810000002,31.189498899999993,67.10846090089505,81.83333333333333,0.0027524718611616704,0.25549878303385054,5,7,6,8
50,121.4349133669643,31.19294438651787,3422.463478838944,125.16666666666663,0.022297146149634278,1,40,34,78,72
55,121.4331756520001,31.196365360000044,2694.455791307558,116.83333333333323,0.020553157133274443,0.8799278206500727,37,37,63,63
77,121.44175529062501,31.198811532812496,194.9761399379308,96.83333333333323,0.006299572637128298,0.3627631651914558,12,13,19,20
13,121.43285358493151,31.185680025068507,801.8569103669638,106.58333333333326,0.013944068161983772,0.56607542981307,31,35,38,42
1,121.43840792499999,31.180343626666673,43.81563599781726,85.16666666666664,0.0027554936003861973,0.26215395211937587,5,4,8,7
212,121.43075177750003,31.200485229999998,867.6852352306544,104.83333333333323,0.008280013490965276,0.4802190510384407,14,11,29,26
10,121.43367004,31.184123450571413,388.86865705736676,97.24999999999991,0.006222462996465834,0.3815644265508748,16,14,21,19
182,121.43041335714285,31.190872189999997,68.48468792032509,87.1666666666666,0.0023643178921690256,0.26383243346643565,8,5,9,6
199,121.44547701084328,31.197887560963842,1286.7287857459148,112.99999999999994,0.01625729566430729,0.6661674649516959,31,32,51,52
36,121.4399302150943,31.191623612830213,937.0269140650191,104.16666666666657,0.011976399338478744,0.5423701312049133,14,21,32,39
69,121.43257139999999,31.199111940000005,134.47895044816607,89.33333333333323,0.002985598191665244,0.28563957214882624,9,4,13,8
175,121.43198284285715,31.192245480000004,318.2872020266317,90.83333333333324,0.005423151835915832,0.3452386255295254,6,8,13,15
144,121.45352393428568,31.213825771428557,622.8357466988757,93.24999999999986,0.0064026384692881366,0.39648617722570983,16,15,20,19
102,121.4410608727273,31.204105721818177,375.4675193140401,94.33333333333319,0.005253990140200586,0.357512184336757,9,5,17,13
119,121.43428802500001,31.21009827,92.32344185573268,80.74999999999999,0.0027878758144619965,0.25561717401328077,4,5,7,8
143,121.44081120000001,31.213531495000005,64.5854963328628,77.08333333333331,0.0029577011625979296,0.24577758876892172,3,5,5,7
168,121.45042420000001,31.21833801,19.43951791979541,70.83333333333339,0.003136464463132297,0.2275010650002387,1,6,3,8
217,121.44630430000002,31.201858519999988,83.95731420739381,85.74999999999989,0.004220742527732623,0.2902804292834676,4,7,8,11
62,121.4537811555555,31.196563724111083,1457.3996689740934,114.58333333333326,0.017444900916724754,0.7053756624687506,32,30,60,58
83,121.43257139999999,31.201171875,117.46982146584669,91.66666666666656,0.0035786607676971745,0.2993699370014041,7,6,12,11
81,121.43778289743587,31.19914715256409,451.88801343925707,102.08333333333323,0.00819279884554927,0.43104963765047843,13,18,21,26
29,121.42367490434783,31.19015569086956,143.21896813138258,91.08333333333323,0.0032927117838503915,0.29590146660609945,14,7,16,9
104,121.4435577,31.20597839,0,61.200000000000074,0.0007462284870906955,0.16298268974700422,2,0,2,0
109,121.44588174615386,31.20587275230768,209.49499754579455,82.08333333333326,0.0037144562112381495,0.284911650927013,3,7,6,10
196,121.44003498695655,31.19361877000002,182.58074476617622,85.0833333333332,0.006595775223970923,0.3348457335450048,4,13,10,19
118,121.43590655714283,31.208371843999995,741.9754760887024,98.74999999999991,0.006647893030228107,0.4265304279395096,16,13,22,19
139,121.44775389444443,31.212081911111113,158.22632601689233,91.33333333333321,0.0042487821649427595,0.31281667342301894,7,7,11,11
108,121.45558244878049,31.20504053341462,857.7923682828438,104.4166666666666,0.008699429971067941,0.48463311407211024,16,17,24,25
28,121.44001613157896,31.188992951052636,464.77080408846723,101.0833333333332,0.006619238276231117,0.4053026030524765,18,15,23,20
7,121.44717821818178,31.184005739999996,27.035842504930876,74.08333333333337,0.0029528620341533955,0.234056217250608,3,6,5,8
79,121.4513239482758,31.20048523000002,222.88832227652568,97.16666666666656,0.006017687932415348,0.362009417965385,10,8,21,19
105,121.45245429565213,31.205202182608694,252.7581200436954,90.49999999999989,0.004584741238572677,0.325000764883459,10,11,12,13
103,121.450094608,31.204055784,199.7265067670845,92.74999999999986,0.004712182735699368,0.3277988916969848,12,9,16,13
162,121.45429813582096,31.217661613432863,1403.4308588265606,110.7499999999999,0.012937452612667707,0.6201929106879343,28,23,44,39
127,121.44261355625004,31.20923996375,116.19401208818995,87.58333333333323,0.004061208017453754,0.29583496566856665,5,6,10,11
95,121.44692228500003,31.203987119499992,187.99688566560494,90.16666666666654,0.004356191430684713,0.31427055584214475,7,7,13,13
75,121.4348736970588,31.200081321176473,530.2393354206831,102.24999999999991,0.007206098063101478,0.42386303139749143,12,11,23,22
128,121.45599817647062,31.210017488235295,269.77014418851076,87.41666666666657,0.003420664537872826,0.3004413294969285,7,7,10,10
133,121.44048420476193,31.211144586190464,262.82483034434176,95.7499999999999,0.004227116087484033,0.33443110169008256,10,8,13,11
32,121.43605958200001,31.19087218999999,928.2414602185534,101.16666666666656,0.01186576364616631,0.5318138885567878,14,21,29,36
30,121.43372786315803,31.190390333859636,1017.5272169432029,100.66666666666656,0.012282025479410534,0.545616806153574,17,32,25,40
112,121.45703312500002,31.20666503499999,109.33507851750419,87.4999999999999,0.0032867157045576513,0.2829657457881651,7,7,9,9
137,121.45454409999999,31.212440941176478,197.99726003697336,88.58333333333326,0.004126932647755154,0.307481947659452,6,8,9,11
148,121.44345960714284,31.2136622845238,1004.101345361637,103.58333333333323,0.01004095301569,0.5174133869031448,16,17,25,26
57,121.42985749761907,31.19590759666665,560.2561619703965,101.49999999999989,0.006822500038549018,0.41885600048315247,21,15,27,21
205,121.44873046333342,31.192749019666675,229.1708497523149,90.0833333333332,0.007385914319319423,0.3649202654524604,9,14,16,21
135,121.45154780909085,31.211097026363618,729.3327124642898,97.41666666666653,0.006549838861678219,0.4202316277102544,16,14,19,17
163,121.44854735666672,31.217422483333344,651.285658362845,98.5833333333332,0.008269490089518796,0.4423354139308017,10,8,22,20
54,121.4501190222222,31.19578552644445,267.0731152610369,102.24999999999991,0.00981481561312831,0.4385814396113872,12,13,32,33
123,121.45252992666671,31.208602906888878,759.1174460676186,101.83333333333327,0.009095533364944824,0.47426951034857856,18,20,25,27
70,121.4339447,31.199111940000005,181.15451984515028,88.08333333333323,0.0036057084892654407,0.2964480767407404,8,4,13,9
22,121.44097863902437,31.187790661219534,447.853574772725,101.49999999999991,0.00696993251189367,0.4101888425579096,18,17,24,23
169,121.45263673888887,31.218872067222232,181.52943336664612,85.99999999999989,0.004632297298432819,0.3068149348017018,6,8,10,12
147,121.45591740000002,31.21364593583334,55.63358773598511,85.74999999999989,0.002527248791200492,0.26132813592628357,6,4,8,6
186,121.43793534823534,31.183214078705863,1939.888094908796,110.99999999999993,0.018709765040389223,0.7623891076433926,27,43,42,58
61,121.425705,31.19773865,8.735125180325522,70.95000000000007,0.0012656571295246303,0.1978329634563364,3,2,3,2
38,121.42570500000001,31.192245480000004,41.792951595095786,79.41666666666661,0.0028803907296256212,0.248575849735909,2,4,5,7
48,121.44001010833335,31.19499207000001,152.08153402061572,94.58333333333321,0.005514776764679423,0.3404547726336469,9,10,14,15
149,121.45114698947368,31.214940924210527,184.258645290422,87.16666666666656,0.0039653345214697,0.29987163989663657,8,7,12,11
151,121.444931,31.215591430000007,70.12125381155234,86.41666666666654,0.0040011781145963534,0.287312209954904,4,4,10,10
63,121.4399660923077,31.19704144123079,1374.2252782678697,110.9166666666666,0.01242594224223088,0.6098806079987102,24,22,43,41
46,121.43320082916671,31.194992069999973,887.9101991007285,110.08333333333327,0.007330965611061249,0.4814910778640112,26,12,36,22
134,121.43751528,31.21147156,7.0047568852203925,74.53333333333337,0.0016470081080846497,0.21310571394174846,2,3,2,3
51,121.42120362777779,31.195907596666675,287.46749448863505,88.4999999999999,0.0052446041935651,0.33326134039260735,8,6,12,10
76,121.44355769999999,31.20048523000001,27.805075472464715,85.66666666666659,0.0026021559577693097,0.2595544388351048,5,6,6,7
121,121.44075625400002,31.207598876,1498.5475877676888,107.58333333333326,0.013174103385772342,0.6246840094789381,12,23,27,38
87,121.44218440000003,31.201858519999988,92.2067930185471,89.99999999999991,0.004470840780338484,0.3062704667102702,3,7,9,13
20,121.42942726578947,31.188125610000018,537.8604104883374,96.91666666666654,0.008384825384654088,0.4286336718779693,13,18,20,25
153,121.43572999,31.21559143,74.40700629836344,80.33333333333329,0.002196646918946507,0.24361787561891549,5,3,7,5
0,121.44110545714288,31.180670602857152,45.55641416152795,88.2499999999999,0.002355678032450723,0.26435072481150484,8,4,10,6
179,121.43583042537311,31.19499206999995,1374.4712327866646,111.16666666666659,0.013705876481390244,0.6303673989275898,23,30,37,44
21,121.43318175555555,31.188125609999993,47.65179798827065,91.99999999999991,0.0036529090492848186,0.29460608122561677,8,2,16,10
85,121.45133973333336,31.201858519999988,59.06545028407889,84.91666666666659,0.0033551073155189616,0.27224781248441826,7,7,8,8
58,121.435318,31.19636536,204.80878866252877,93.74999999999989,0.0046132191489470405,0.32942630601664086,9,7,14,12
73,121.44776343125004,31.19906902468751,183.84243814790352,99.1666666666666,0.006813835036159086,0.3758469498922492,11,11,21,21
44,121.42570500000006,31.19470295421053,130.41074123961377,92.49999999999987,0.003020301286848558,0.2942133074068166,10,8,11,9
66,121.4339447,31.197738650000005,44.01889154757006,82.99999999999994,0.0035751499414991865,0.2690814898295434,1,2,9,10
97,121.43883708125,31.20366096312499,108.45692039314785,94.2499999999999,0.0038560218819011748,0.3096618472786165,6,6,10,10
52,121.42753596666664,31.195449833333342,584.947217600658,93.41666666666659,0.0051871076794955725,0.37443893578005666,10,10,14,14
93,121.43639702142858,31.202545164999993,75.59649584482806,82.41666666666661,0.0027021498326368107,0.2571006224805151,7,6,8,7
115,121.43852236666667,31.20792388833333,86.49685078643039,89.41666666666657,0.0024362064007589987,0.272690669101326,6,4,8,6
208,121.45116652432426,31.193804351081106,276.0833318511084,99.08333333333324,0.006938224743214796,0.3865328590003026,14,14,23,23
140,121.4380646,31.21284485,0,0,0.0010392475940605107,0.004532198451408173,0,1,0,1
111,121.43700341363632,31.206852301818174,195.8485557264261,90.58333333333323,0.005430712256440174,0.33276478395364434,6,11,11,16
155,121.4543634026316,31.215591429999993,623.1366929887727,98.16666666666654,0.00783507943637286,0.43176505705903034,18,15,23,20
23,121.42295839999998,31.189498899999993,51.795773931028975,77.25,0.002972446952288427,0.24520385379214396,3,5,6,8
117,121.444931,31.20735168,0.3110599078341013,66.70000000000009,0.0011638173533906537,0.18411907230028954,1,1,1,1
145,121.4366913,31.214218140000003,19.13346022416078,75.58333333333333,0.00156775284699866,0.21585740893379393,2,1,4,3
94,121.4421844,31.20323181,25.693414634127016,78.69999999999997,0.002914797845308711,0.2456314405079771,2,6,4,8
41,121.42845149999997,31.192760463749998,48.93762242009983,79.08333333333329,0.0025482605556499264,0.2432468659689717,3,2,6,5
174,121.4298248,31.19224548,15.092246446688026,69.50000000000006,0.002287638863349883,0.21039784428568287,2,5,2,5
191,121.42682852727275,31.186752319999997,30.166725006229402,87.33333333333323,0.00189380879993544,0.25326680046798106,7,2,9,4
40,121.42170994545451,31.191870946363633,63.01225774380664,84.91666666666659,0.002567953630458819,0.2604571154231638,4,4,7,7
71,121.45234681999997,31.199111939999984,389.31587933803723,98.49999999999989,0.008812303534372058,0.4249945781959432,12,17,23,28
53,121.4188385,31.19636536000001,33.63587711486335,69.48333333333339,0.0025101975117986074,0.21560189873565494,1,3,4,6
82,121.42395716363636,31.200485230000005,36.784752724378286,74.50000000000001,0.002834510209045258,0.2342847743636565,4,4,7,7
25,121.42626675681818,31.188781043863642,689.9751016922519,104.99999999999991,0.008210291233363745,0.46227628399361165,17,18,26,27
218,121.44679476428573,31.20735167999999,248.974755734567,85.99999999999993,0.0040537576262333576,0.30443540617864223,5,7,7,9
92,121.44401546666676,31.20255721140353,1243.1509512073444,110.6666666666666,0.013129146045981659,0.607325374939644,17,20,37,40
59,121.42749435151511,31.19694796787879,720.6563697942698,100.4999999999999,0.005842035935781411,0.41665010123727875,16,11,22,17
120,121.44577610769231,31.209358806153848,95.71737663956738,86.24999999999989,0.003107433198672627,0.27553753842349354,5,5,8,8
74,121.44218439999999,31.20048523,98.23568444195631,83.33333333333331,0.0023234328415725797,0.25588906367487824,4,2,7,5
190,121.43365558421053,31.182415614736854,63.42690846735695,84.24999999999993,0.003583422758793955,0.2744286003329783,10,9,10,9
60,121.43257140000003,31.19773865000001,275.4200281561057,91.91666666666654,0.006042435843912158,0.3535272057080294,8,12,13,17
19,121.45008087499997,31.186695099583336,96.08495216692549,87.16666666666657,0.00499594567199613,0.3072246142113941,9,11,13,15
194,121.43735048399996,31.1957061808,192.84596702069408,94.08333333333323,0.005724659636418032,0.34633980636815104,8,12,13,17
129,121.44851138928576,31.210000177857133,334.1636589320971,94.58333333333326,0.00662369201001576,0.3753406586359769,11,15,13,17
142,121.45115662666664,31.213394166000008,174.63346411812563,91.41666666666656,0.0033760597892977446,0.3011379737563629,6,3,12,9
26,121.44340923513512,31.188385421621625,325.10789402516576,97.33333333333321,0.006992215074902565,0.3874822710672792,14,13,24,23
99,121.43394470000001,31.203643797,66.75134548917602,78.1166666666666,0.002117323102203646,0.23574208586738785,5,3,7,5
113,121.44294734444445,31.20674132888888,38.423520529544746,76.00000000000001,0.0027121238011081463,0.23654607650846796,2,5,4,7
136,121.435318,31.21147156,6.870669879458901,73.25000000000004,0.001333197660462096,0.2048212058839706,2,2,2,2
6,121.44272034634149,31.18357030658536,325.083553895056,101.4166666666666,0.0072366985065348815,0.402135775392616,16,17,24,25
39,121.45261494047615,31.1912972559524,362.0243419624212,100.41666666666656,0.008394970704949763,0.42098581501545795,15,15,27,27
43,121.45580295000002,31.193161006666667,69.56914904940554,84.08333333333321,0.004630470693708072,0.2907779231209875,11,10,14,13
202,121.4458289269231,31.190238363846156,325.77943737978785,93.33333333333324,0.005385337300189812,0.35204124017863014,12,7,19,14
165,121.44683249230772,31.21807391576924,195.8512186750213,90.49999999999984,0.005633417250017601,0.3356784048842481,10,12,14,16
106,121.43531800000001,31.20540016263157,199.70929626776882,86.58333333333324,0.004258523316436003,0.3043578061615449,7,9,10,12
159,121.45179749999996,31.216964720000004,228.83959274261818,82.5333333333333,0.002796391264185479,0.27379419817068235,6,4,9,7
78,121.42928625882352,31.201885447254913,1496.7657343960193,109.33333333333326,0.009534156985472976,0.5728709728687792,26,18,33,25
65,121.4298248,31.19773865,0,69.41666666666671,0.000991805257928636,0.18866302113787056,0,0,1,1
185,121.43119810000003,31.183490756250002,176.60004675066256,89.58333333333326,0.003313479833772878,0.2954791919269864,8,6,10,8
31,121.42845149999995,31.190185545,244.6496737752438,98.41666666666657,0.00491027194426612,0.35032910060247474,15,9,19,13
203,121.44794169615388,31.190872190000015,158.7399679977671,90.58333333333323,0.004611960914069447,0.31648673793311205,13,10,16,13
206,121.44644636551725,31.19224548,210.42208114726486,100.83333333333321,0.003925694115788471,0.3382026355359355,17,6,23,12
198,121.43806459999998,31.193618770000025,330.47850324236555,99.66666666666659,0.005418061517450349,0.3698714629905681,12,10,19,17
178,121.43257139999999,31.19361877,244.71381588143953,87.16666666666657,0.001947115963978026,0.27454343362981737,10,4,10,4
11,121.43016812500002,31.186752319999993,108.84769610544765,85.08333333333324,0.003342434043440588,0.27734422275235715,8,7,9,8
67,121.44281823076922,31.195837171538454,532.7106020436985,102.41666666666657,0.007847997098151318,0.4344759847927923,13,13,26,26
161,121.444931,31.216964719999996,88.7667653660153,77.8333333333333,0.0025878223462377954,0.24440907159168504,3,3,6,6
80,121.4366913,31.20048523,22.30751030359824,74.5,0.0025135408834011564,0.2279102414067781,1,4,3,6
200,121.444931,31.20048523000001,22.865826575841076,85.08333333333323,0.0024163472786441612,0.25464594438529625,6,5,7,6
49,121.44673797368422,31.194413838421053,86.86385785629474,94.24999999999994,0.004142611272749768,0.3119915236159941,8,4,15,11
209,121.44559018400001,31.196090701999996,91.63094865356449,94.08333333333321,0.0043374410420983795,0.3150254451344497,13,7,18,12
110,121.4339447,31.207351679999995,53.089455305542984,82.08333333333327,0.0021117964172627725,0.24488968634357777,3,2,5,4
42,121.44424434999998,31.192456755384622,247.95696005907385,93.16666666666654,0.005722149761715281,0.3492273714640437,10,12,14,16
189,121.43625434090904,31.18125916,131.65735058412872,90.16666666666659,0.0050452200188991995,0.3194406999239152,7,7,15,15
160,121.4408112,31.21696472,30.713666882545457,82.08333333333326,0.0014222129842771446,0.23204442384512847,2,0,4,2
207,121.45331535789472,31.19347421315789,121.29544360811948,83.5833333333332,0.005532750443483959,0.3084400678452975,4,11,8,15
122,121.4435577,31.210098269999996,78.87935578445719,87.33333333333321,0.0028657791961934492,0.27304490746257026,3,1,8,6
180,121.43669129999992,31.193618770000025,577.25224205078,99.49999999999989,0.006415463289952948,0.40888937713956647,9,6,22,19
220,121.44218440000002,31.216964720000004,0.4637426900584795,65.28333333333343,0.001448078568932808,0.18475793349867367,1,2,1,2
126,121.45454409999999,31.208381652999996,188.61392917156462,86.58333333333326,0.004091095446278446,0.3006875168050343,10,7,13,10
193,121.43531800000002,31.19773865,26.668797570556737,89.66666666666656,0.0018942040678313796,0.2591461679458791,5,1,8,4
157,121.43890383888889,31.216964720000004,145.11576107225406,92.33333333333323,0.0024973364436456365,0.2871128353303575,12,5,13,6
150,121.43973217857142,31.215297153571434,100.98967160162907,86.33333333333323,0.0029734831087680205,0.2742011248476736,6,5,9,8
158,121.44757196153851,31.214535053076908,1112.9849318853294,99.08333333333319,0.010255289013390853,0.5193493496200637,16,16,23,23
132,121.44401546666666,31.211471560000003,225.71329453422015,84.91666666666657,0.002943836218452272,0.28211737013484717,5,6,6,7
146,121.435318,31.21421814,0,0,0.0014259319667679125,0.010513140558875455,0,2,0,2
45,121.42021180000002,31.194305420000003,8.10514052180261,69.20000000000007,0.0026058899809768203,0.21384086339451194,1,2,4,5
187,121.43806459999998,31.186440208636352,332.2501463181966,92.1666666666666,0.0047192208619945605,0.3392615046679612,11,9,13,11
56,121.42454853684212,31.197015865789485,188.23369696511222,89.16666666666659,0.003642582572322667,0.30059294103295603,8,7,12,11
114,121.44944327142858,31.206959311428566,85.87189486549853,75.53333333333335,0.002667248662360679,0.23923046344486176,1,4,3,6
188,121.4366913,31.185379029999996,0.4168790070688804,72.61666666666673,0.0010478440043632472,0.19809235912561599,2,1,2,1
211,121.42707820000001,31.193344112,41.86458060476754,78.16666666666669,0.002168838842400148,0.23424818359289046,5,4,6,5
177,121.43119810000003,31.194367842727274,95.35603539435641,93.5833333333332,0.004189780528465679,0.31177279335009406,9,7,15,13
213,121.42655006153846,31.199111940000005,43.37867384716148,75.16666666666669,0.0027257501635936,0.2350201863781363,6,6,7,7
68,121.41977812631582,31.19795548526316,158.58333571235946,85.99999999999991,0.0038575224084049743,0.29259644944160695,9,5,14,10
152,121.4421844,31.21559143,3.4290223665223665,53.56666666666672,0.001255654234988601,0.15086762401911724,0,1,1,2
35,121.4243317,31.191558835,5.2506044794998274,77,0.0009117333440288277,0.20813121081628358,3,1,3,1
9,121.44567487083334,31.18566513208333,333.8404979612014,93.16666666666657,0.004295049436493653,0.33551875042025414,11,11,13,13
170,121.4490509,31.219711299999993,244.271210826183,73.20000000000002,0.004111056336010436,0.2707756713682874,1,7,3,9
90,121.43806459999999,31.20185852,34.497046497565975,77.33333333333333,0.0018792318413087612,0.22683193144384506,4,2,6,4
89,121.43417358333333,31.20185851999999,40.53064183079869,79.41666666666661,0.0031551481945171736,0.2527026473042175,3,9,3,9
183,121.4298248,31.189498899999993,149.85275187756403,84.41666666666657,0.004410733416697416,0.2960861782110302,5,3,12,10
181,121.43257139999997,31.190872189999997,86.38725245922865,88.41666666666656,0.003818040836777797,0.29139005125088463,6,5,10,9
4,121.444931,31.18400574,8.402638417980018,76.41666666666667,0.0016268650396665549,0.21794583869481846,2,2,2,2
172,121.4504242,31.2197113,21.35557725829657,79.99999999999997,0.001732587138415144,0.23038546107705637,3,1,5,3
219,121.4504242,31.21559143,3.2359141744880286,59.86666666666676,0.0012527190691087697,0.16758104700131007,1,2,1,2
2,121.445274325,31.18263245,4.246493138735198,81.83333333333326,0.0009871514715728714,0.2220716519354388,3,0,4,1
192,121.43119810000002,31.199111940000005,132.46865963242522,89.0833333333332,0.004071556319878441,0.30157478036960317,6,8,10,12
18,121.43610274285717,31.187242780714282,16.785864797564333,78.83333333333331,0.003205379931306102,0.2496134697402267,5,8,6,9
215,121.42295839999998,31.19698958272728,48.17856981956255,84.83333333333326,0.003433926258299217,0.2721846624143813,1,5,6,10
86,121.44758604666666,31.201309203999998,50.43000309418786,87.91666666666657,0.004141760328898416,0.29156345957523894,3,8,7,12
141,121.444931,31.212844850000003,25.299688392261356,82.66666666666657,0.001660934675573098,0.2367629766895539,4,2,5,3
176,121.4298248,31.19361877,26.836631919728823,84.16666666666661,0.002081658667422552,0.24741478344870815,2,0,7,5
15,121.42827983749997,31.186408997500003,14.636024029990777,80.08333333333326,0.002218659577325504,0.23747113331993977,3,5,3,5
107,121.4394379,31.20597839,7.520189566044765,65.8000000000001,0.0015675276285712187,0.18866869241449188,1,2,2,3
96,121.44355769999999,31.204605099999995,68.32604298147699,85.83333333333327,0.0030873733480880163,0.2714498372157151,4,4,8,8
64,121.4215851,31.19773865,0,62.83333333333344,0.0013760915624580151,0.1770746924197364,0,1,1,2
98,121.4325714,31.203781126000003,44.66052453966163,75.58333333333337,0.0012360471312775454,0.2132130623055729,3,1,4,2
47,121.42433170000002,31.19456291375001,252.99164823320046,80.33333333333331,0.004106944465601215,0.29055829846931097,6,10,6,10
33,121.4264678888889,31.19087219,11.3781504721846,78.75,0.0024785274693436736,0.23762244968746046,3,5,4,6
5,121.42900082000001,31.184005739999996,8.052926851880029,77.24999999999999,0.002223754094188769,0.2293632710032474,0,1,4,5
3,121.4435577,31.18263245,1.6247605363984676,65.41666666666676,0.0010270586425537422,0.17871407524955096,1,1,1,1
171,121.4531708,31.2197113,2.136140602954643,65.11666666666676,0.0016504029720260005,0.18760636648028514,1,3,1,3
184,121.43119809999999,31.185379030000004,5.150223706282545,72.53333333333336,0.002339165295165202,0.21830462374365234,3,5,3,5
138,121.4311981,31.21284485,0,69.20000000000007,0.0007462284870906955,0.1842876165113185,1,0,1,0
131,121.43394470000001,31.21147156,39.80975689011886,72.66666666666671,0.0012581698976488077,0.20531537528454968,3,2,3,2
8,121.4298248,31.185379029999996,0,77.8333333333333,0.0007462284870906955,0.20727918331114067,3,0,3,0
116,121.4339447,31.20872498,0,0,0.001036984972809886,0.004497201933146102,0,1,0,1
72,121.4215851,31.19911194,0,57.35000000000005,0.0007462284870906955,0.15272969374167794,1,0,1,0
195,121.4421844,31.19361877,1.356307093415493,77.83333333333331,0.0013958334215989324,0.21745888080517298,2,1,3,2